{"cameraMode":{"drawMode":0,"name":"Shaded","section":"Shading Mode"},"sceneLighting":false,"audioPlay":false,"sceneViewState":{"m_AlwaysRefresh":false,"showFog":true,"showSkybox":true,"showFlares":true,"showImageEffects":true,"showParticleSystems":true,"showVisualEffectGraphs":true,"m_FxEnabled":true},"in2DMode":false,"pivot":{"x":5.037226676940918,"y":4.849173069000244,"z":28.05558967590332},"rotation":{"x":-0.010632033459842205,"y":-0.9888405799865723,"z":0.12223769724369049,"w":-0.08533093333244324},"size":2.1553235054016115,"orthographic":false}