{"cameraMode":{"drawMode":0,"name":"Shaded","section":"Shading Mode"},"sceneLighting":true,"audioPlay":false,"sceneViewState":{"m_AlwaysRefresh":false,"showFog":true,"showSkybox":true,"showFlares":true,"showImageEffects":true,"showParticleSystems":true,"showVisualEffectGraphs":true,"m_FxEnabled":true},"in2DMode":false,"pivot":{"x":0.561005711555481,"y":3.8553426265716554,"z":-3.518230676651001},"rotation":{"x":0.08858777582645416,"y":-0.2439565360546112,"z":0.02238409034907818,"w":0.9654746055603027},"size":0.13192877173423768,"orthographic":false}